Workbook

Sheet Table of Contents
A1: Fig1234.xlsx
A3: Last updated: April 13, 2023
B4: Tab Name | C4: Tab Description
B5: Fig1 | C5: Number of economies that have used macroprudential policy (c.f., Figure 1 of Alam et al. 2019)
B6: Fig2 | C6: Ranking of the top-used instruments (c.f., Figure 2 of Alam et al. 2019)
B7: Fig3 | C7: Frequency of adjustments by instrument (c.f., Figure 3 of Alam et al. 2019)
B8: Fig4 | C8: Usage of macroprudential policies over time (c.f., Figure 4 of Alam et al. 2019)
B9: AE_A | C9: Data sheet for Fig1 and Fig 2, generated by iMaPP_Fig123.do
B10: EMDE_A | C10: Data sheet for Fig1 and Fig 2, generated by iMaPP_Fig123.do
B11: ALL_A | C11: Data sheet for Fig 2, generated by iMaPP_Fig123.do
B12: Act_AEEM | C12: Data sheet for Fig 3, generated by iMaPP_Fig123.do
B13: Act_ALL | C13: Data sheet for Fig 3, generated by iMaPP_Fig123.do
B14: Fig4_data | C14: Data sheet for Fig4, generated by iMaPP_Fig4.do
A16: Notes: This Excel file demonstrates how to generate charts on the use of macroprudential policy, similar to Figure 1, 2, 3, and 4 of Alam et al. (2019), using the latest iMaPP database. Please note that this file does not replicate Figure 4 due to a different selection of the sample countries. Possible errors are those of the authors.
A17: Reference: Alam, Zohair, Adrian Alter, Jesse Eiseman, Gaston Gelos, Heedon Kang, Machiko Narita, Erlend Nier, and Naixi Wang, 2019, "Digging Deeper – Evidence on the Effects of Macroprudential Policies from a New Database" IMF Working Paper WP/19/66.
A18: Available at: | B18: www.elibrary-areaer.imf.org/Macroprudential/Pages/iMaPPDatabase.aspx

Sheet Fig1
A1: Back to TOC | D1: Number
D2: AE | E2: EMDE | F2: N_AE | G2: N_EMDE | H2: AE | I2: EMDE
A3: =AE_A!A2 -> 1990 | B3: M12 | C3: =A3&B3 -> 1990M12 | D3: =AE_A!C2 -> 1 | E3: =EMDE_A!C2 -> 2 | F3: =AE_A!B2 -> 36 | G3: =EMDE_A!B2 -> 98
A4: =AE_A!A3 -> 1991 | B4: M12 | C4: =A4&B4 -> 1991M12 | D4: =AE_A!C3 -> 7 | E4: =EMDE_A!C3 -> 3 | F4: =AE_A!B3 -> 36 | G4: =EMDE_A!B3 -> 98 | H4: =D4-D3 -> 6 | I4: =E4-E3 -> 1
A5: =AE_A!A4 -> 1992 | B5: M12 | C5: =A5&B5 -> 1992M12 | D5: =AE_A!C4 -> 7 | E5: =EMDE_A!C4 -> 5 | F5: =AE_A!B4 -> 36 | G5: =EMDE_A!B4 -> 98 | H5: =D5-D4 -> 0 | I5: =E5-E4 -> 2
A6: =AE_A!A5 -> 1993 | B6: M12 | C6: =A6&B6 -> 1993M12 | D6: =AE_A!C5 -> 7 | E6: =EMDE_A!C5 -> 9 | F6: =AE_A!B5 -> 36 | G6: =EMDE_A!B5 -> 98 | H6: =D6-D5 -> 0 | I6: =E6-E5 -> 4
A7: =AE_A!A6 -> 1994 | B7: M12 | C7: =A7&B7 -> 1994M12 | D7: =AE_A!C6 -> 7 | E7: =EMDE_A!C6 -> 14 | F7: =AE_A!B6 -> 36 | G7: =EMDE_A!B6 -> 98 | H7: =D7-D6 -> 0 | I7: =E7-E6 -> 5
A8: =AE_A!A7 -> 1995 | B8: M12 | C8: =A8&B8 -> 1995M12 | D8: =AE_A!C7 -> 9 | E8: =EMDE_A!C7 -> 20 | F8: =AE_A!B7 -> 36 | G8: =EMDE_A!B7 -> 98 | H8: =D8-D7 -> 2 | I8: =E8-E7 -> 6
A9: =AE_A!A8 -> 1996 | B9: M12 | C9: =A9&B9 -> 1996M12 | D9: =AE_A!C8 -> 10 | E9: =EMDE_A!C8 -> 28 | F9: =AE_A!B8 -> 36 | G9: =EMDE_A!B8 -> 98 | H9: =D9-D8 -> 1 | I9: =E9-E8 -> 8
A10: =AE_A!A9 -> 1997 | B10: M12 | C10: =A10&B10 -> 1997M12 | D10: =AE_A!C9 -> 13 | E10: =EMDE_A!C9 -> 35 | F10: =AE_A!B9 -> 36 | G10: =EMDE_A!B9 -> 98 | H10: =D10-D9 -> 3 | I10: =E10-E9 -> 7
A11: =AE_A!A10 -> 1998 | B11: M12 | C11: =A11&B11 -> 1998M12 | D11: =AE_A!C10 -> 15 | E11: =EMDE_A!C10 -> 37 | F11: =AE_A!B10 -> 36 | G11: =EMDE_A!B10 -> 98 | H11: =D11-D10 -> 2 | I11: =E11-E10 -> 2
A12: =AE_A!A11 -> 1999 | B12: M12 | C12: =A12&B12 -> 1999M12 | D12: =AE_A!C11 -> 17 | E12: =EMDE_A!C11 -> 39 | F12: =AE_A!B11 -> 36 | G12: =EMDE_A!B11 -> 98 | H12: =D12-D11 -> 2 | I12: =E12-E11 -> 2
A13: =AE_A!A12 -> 2000 | B13: M12 | C13: =A13&B13 -> 2000M12 | D13: =AE_A!C12 -> 18 | E13: =EMDE_A!C12 -> 44 | F13: =AE_A!B12 -> 36 | G13: =EMDE_A!B12 -> 98 | H13: =D13-D12 -> 1 | I13: =E13-E12 -> 5
A14: =AE_A!A13 -> 2001 | B14: M12 | C14: =A14&B14 -> 2001M12 | D14: =AE_A!C13 -> 18 | E14: =EMDE_A!C13 -> 50 | F14: =AE_A!B13 -> 36 | G14: =EMDE_A!B13 -> 98 | H14: =D14-D13 -> 0 | I14: =E14-E13 -> 6
A15: =AE_A!A14 -> 2002 | B15: M12 | C15: =A15&B15 -> 2002M12 | D15: =AE_A!C14 -> 18 | E15: =EMDE_A!C14 -> 55 | F15: =AE_A!B14 -> 36 | G15: =EMDE_A!B14 -> 98 | H15: =D15-D14 -> 0 | I15: =E15-E14 -> 5
... A34: =AE_A!A33 -> 2021 | B34: M12 | C34: =A34&B34 -> 2021M12 | D34: =AE_A!C33 -> 36 | E34: =EMDE_A!C33 -> 97 | F34: =AE_A!B33 -> 36 | G34: =EMDE_A!B33 -> 98 | H34: =D34-D33 -> 0 | I34: =E34-E33 -> 0

Sheet Fig2
A1: Back to TOC | B1: Top-used instruments as of 2021M12
B2: =AE_A!E1 -> CCB_use1 | C2: =AE_A!F1 -> Conservation_use1 | D2: =AE_A!G1 -> LVR_use1 | E2: =AE_A!H1 -> LLP_use1 | F2: =AE_A!I1 -> Capital_use1 | G2: =AE_A!J1 -> LTV_use1 | H2: =AE_A!K1 -> DSTI_use1 | I2: =AE_A!L1 -> LCG_use1 | ... R2: =AE_A!U1 -> OT_use1
B3: CCB | C3: Conservation | D3: Leverage | E3: Provisions | F3: Capital | G3: LTV | H3: DSTI | I3: Credit growth | J3: LoanR | K3: FX loan | L3: Tax | M3: Liquidity | N3: Loan to deposit | O3: FX position | P3: Reserve Req. | Q3: SIFI | R3: Other
A4: All | B4: =ALL_A!E33 -> 25 | C4: =ALL_A!F33 -> 98 | D4: =ALL_A!G33 -> 81 | E4: =ALL_A!H33 -> 86 | F4: =ALL_A!I33 -> 97 | G4: =ALL_A!J33 -> 67 | H4: =ALL_A!K33 -> 55 | I4: =ALL_A!L33 -> 18 | ... R4: =ALL_A!U33 -> 79
A5: AE | B5: =AE_A!E33 -> 17 | C5: =AE_A!F33 -> 34 | D5: =AE_A!G33 -> 28 | E5: =AE_A!H33 -> 31 | F5: =AE_A!I33 -> 34 | G5: =AE_A!J33 -> 27 | H5: =AE_A!K33 -> 21 | I5: =AE_A!L33 -> 3 | ... R5: =AE_A!U33 -> 33
A6: EMDE | B6: =EMDE_A!E33 -> 8 | C6: =EMDE_A!F33 -> 64 | D6: =EMDE_A!G33 -> 53 | E6: =EMDE_A!H33 -> 55 | F6: =EMDE_A!I33 -> 63 | G6: =EMDE_A!J33 -> 40 | H6: =EMDE_A!K33 -> 34 | I6: =EMDE_A!L33 -> 15 | ... R6: =EMDE_A!U33 -> 46
A8: Sorted by the number of countries that have ever used the specified instrument
B9: Credit growth | C9: Loan to deposit | D9: Tax | E9: CCB | F9: FX loan | G9: DSTI | H9: LTV | I9: LoanR | J9: FX position | K9: Other | L9: Leverage | M9: Reserve Req. | N9: Provisions | O9: SIFI | P9: Capital | Q9: Conservation | R9: Liquidity
A10: All | B10: 18 | C10: 20 | D10: 24 | E10: 25 | F10: 29 | G10: 55 | H10: 67 | I10: 79 | J10: 79 | K10: 79 | L10: 81 | M10: 85 | N10: 86 | O10: 88 | P10: 97 | Q10: 98 | R10: 113
B12: FX position | C12: Loan to deposit | D12: Credit growth | E12: FX loan | F12: Tax | G12: CCB | H12: DSTI | I12: LoanR | J12: Reserve Req. | K12: LTV | L12: Leverage | M12: Provisions | N12: Other | O12: Conservation | P12: Capital | Q12: SIFI | R12: Liquidity
A13: AE | B13: 1 | C13: 2 | D13: 3 | E13: 4 | F13: 14 | G13: 17 | H13: 21 | I13: 24 | J13: 25 | K13: 27 | L13: 28 | M13: 31 | N13: 33 | O13: 34 | P13: 34 | Q13: 35 | R13: 36
B15: CCB | C15: Tax | D15: Credit growth | E15: Loan to deposit | F15: FX loan | G15: DSTI | H15: LTV | I15: Other | J15: Leverage | K15: SIFI | L15: Provisions | M15: LoanR | N15: Reserve Req. | O15: Capital | P15: Conservation | Q15: Liquidity | R15: FX position
A16: EMDE | B16: 8 | C16: 10 | D16: 15 | E16: 18 | F16: 25 | G16: 34 | H16: 40 | I16: 46 | J16: 53 | K16: 53 | L16: 55 | M16: 55 | N16: 60 | O16: 63 | P16: 64 | Q16: 77 | R16: 78

Sheet Fig3
A1: Back to TOC | B1: Frequently-adjusted instruments (2010M1-2021M12)
B2: =Act_ALL!B1 -> CCB_act | C2: =Act_ALL!C1 -> Conservation_act | D2: =Act_ALL!D1 -> LVR_act | E2: =Act_ALL!E1 -> LLP_act | F2: =Act_ALL!F1 -> Capital_act | G2: =Act_ALL!G1 -> LTV_act | H2: =Act_ALL!H1 -> DSTI_act | I2: =Act_ALL!I1 -> LCG_act | ... S2: =Act_ALL!S1 -> SUM_17_act
B3: CCB | C3: Conservation | D3: Leverage | E3: Provisions | F3: Capital | G3: LTV | H3: DSTI | I3: Credit growth | J3: LoanR | K3: FX loan | L3: Tax | M3: Liquidity | N3: Loan to deposit | O3: FX position | P3: Reserve Req. | Q3: SIFI | R3: Other
A4: All | B4: =Act_ALL!B2 -> 0.044191919 | C4: =Act_ALL!C2 -> 0.2138243 | D4: =Act_ALL!D2 -> 0.065920398 | E4: =Act_ALL!E2 -> 0.11466165 | F4: =Act_ALL!F2 -> 0.1754386 | G4: =Act_ALL!G2 -> 0.12593985 | H4: =Act_ALL!H2 -> 0.076441102 | I4: =Act_ALL!I2 -> 0.01081425 | ... S4: =Act_ALL!S2 -> 1.2543532
A5: AE | B5: =Act_AEEM!C3 -> 0.13657409 | C5: =Act_AEEM!D3 -> 0.2962963 | D5: =Act_AEEM!E3 -> 0.10185186 | E5: =Act_AEEM!F3 -> 0.19907406 | F5: =Act_AEEM!G3 -> 0.25 | G5: =Act_AEEM!H3 -> 0.2199074 | H5: =Act_AEEM!I3 -> 0.16203704 | I5: =Act_AEEM!J3 -> 0.0069444445 | ... S5: =Act_AEEM!T3 -> 1.7152779
A6: EMDE | B6: =Act_AEEM!C2 -> 0.009548611 | C6: =Act_AEEM!D2 -> 0.18189965 | D6: =Act_AEEM!E2 -> 0.052721087 | E6: =Act_AEEM!F2 -> 0.083333336 | F6: =Act_AEEM!G2 -> 0.14776632 | G6: =Act_AEEM!H2 -> 0.091065295 | H6: =Act_AEEM!I2 -> 0.04467354 | I6: =Act_AEEM!J2 -> 0.012280703 | ... S6: =Act_AEEM!T2 -> 1.085034
A8: Sorted by average number of actions per year
B9: Credit growth | C9: FX loan | D9: Loan to deposit | E9: Tax | F9: CCB | G9: FX position | H9: Leverage | I9: DSTI | J9: Provisions | K9: LoanR | L9: LTV | M9: Other | N9: SIFI | O9: Reserve Req. | P9: Capital | Q9: Conservation | R9: Liquidity
A10: All | B10: 0.01081425 | C10: 0.016917292 | D10: 0.020676693 | E10: 0.040404044 | F10: 0.044191919 | G10: 0.061403509 | H10: 0.065920398 | I10: 0.076441102 | J10: 0.11466165 | K10: 0.11513995 | L10: 0.12593985 | M10: 0.1489899 | N10: 0.16353384 | O10: 0.1716418 | P10: 0.1754386 | Q10: 0.2138243 | R10: 0.32524875
B12: Credit growth | C12: FX position | D12: FX loan | E12: Loan to deposit | F12: Reserve Req. | G12: Tax | H12: Leverage | I12: CCB | J12: LoanR | K12: DSTI | L12: Provisions | M12: LTV | N12: Capital | O12: Conservation | P12: SIFI | Q12: Other | R12: Liquidity
A13: AE | B13: 0.0069444445 | C13: 0.011574075 | D13: 0.013888889 | E13: 0.018518519 | F13: 0.046296299 | G13: 0.085648149 | H13: 0.10185186 | I13: 0.13657409 | J13: 0.1388889 | K13: 0.16203704 | L13: 0.19907406 | M13: 0.2199074 | N13: 0.25 | O13: 0.2962963 | P13: 0.3287037 | Q13: 0.33333334 | R13: 0.45601854
B15: CCB | C15: Credit growth | D15: FX loan | E15: Loan to deposit | F15: Tax | G15: DSTI | H15: Leverage | I15: Other | J15: FX position | K15: Provisions | L15: LTV | M15: SIFI | N15: LoanR | O15: Capital | P15: Conservation | Q15: Reserve Req. | R15: Liquidity
A16: EMDE | B16: 0.009548611 | C16: 0.012280703 | D16: 0.018041238 | E16: 0.021477664 | F16: 0.0234375 | G16: 0.04467354 | H16: 0.052721087 | I16: 0.079861112 | J16: 0.079896912 | K16: 0.083333336 | L16: 0.091065295 | M16: 0.10223368 | N16: 0.10614035 | O16: 0.14776632 | P16: 0.18189965 | Q16: 0.21768707 | R16: 0.27721089

Sheet Fig4
A1: Back to TOC | B1: Figure 4
B2: Advanced Economies | C2: Emerging Market and Developing Economies
A3: =Fig4_data!A2 -> 32874 | B3: =Fig4_data!B2 -> 0 | C3: =Fig4_data!C2 -> 0
A4: =Fig4_data!A3 -> 32964 | B4: =Fig4_data!B3 -> 0 | C4: =Fig4_data!C3 -> 0
A5: =Fig4_data!A4 -> 33055 | B5: =Fig4_data!B4 -> 0 | C5: =Fig4_data!C4 -> 0
A6: =Fig4_data!A5 -> 33147 | B6: =Fig4_data!B5 -> 0 | C6: =Fig4_data!C5 -> 12
A7: =Fig4_data!A6 -> 33239 | B7: =Fig4_data!B6 -> -3 | C7: =Fig4_data!C6 -> 8
A8: =Fig4_data!A7 -> 33329 | B8: =Fig4_data!B7 -> -2 | C8: =Fig4_data!C7 -> 8
A9: =Fig4_data!A8 -> 33420 | B9: =Fig4_data!B8 -> -2 | C9: =Fig4_data!C8 -> 8
A10: =Fig4_data!A9 -> 33512 | B10: =Fig4_data!B9 -> -3 | C10: =Fig4_data!C9 -> 4
A11: =Fig4_data!A10 -> 33604 | B11: =Fig4_data!B10 -> -4 | C11: =Fig4_data!C10 -> 9
A12: =Fig4_data!A11 -> 33695 | B12: =Fig4_data!B11 -> -8 | C12: =Fig4_data!C11 -> 9
A13: =Fig4_data!A12 -> 33786 | B13: =Fig4_data!B12 -> -8 | C13: =Fig4_data!C12 -> 10
A14: =Fig4_data!A13 -> 33878 | B14: =Fig4_data!B13 -> -6 | C14: =Fig4_data!C13 -> 10
... A79: =Fig4_data!A78 -> 39814 | B79: =Fig4_data!B78 -> -8 | C79: =Fig4_data!C78 -> 13
A80: =Fig4_data!A79 -> 39904 | B80: =Fig4_data!B79 -> -7 | C80: =Fig4_data!C79 -> -9 | AD80: ,
A81: =Fig4_data!A80 -> 39995 | B81: =Fig4_data!B80 -> -4 | C81: =Fig4_data!C80 -> -26
A82: =Fig4_data!A81 -> 40087 | B82: =Fig4_data!B81 -> 4 | C82: =Fig4_data!C81 -> -6
A83: =Fig4_data!A82 -> 40179 | B83: =Fig4_data!B82 -> 11 | C83: =Fig4_data!C82 -> 17
A84: =Fig4_data!A83 -> 40269 | B84: =Fig4_data!B83 -> 18 | C84: =Fig4_data!C83 -> 37
A85: =Fig4_data!A84 -> 40360 | B85: =Fig4_data!B84 -> 18 | C85: =Fig4_data!C84 -> 60
A86: =Fig4_data!A85 -> 40452 | B86: =Fig4_data!B85 -> 23 | C86: =Fig4_data!C85 -> 76
A87: =Fig4_data!A86 -> 40544 | B87: =Fig4_data!B86 -> 25 | C87: =Fig4_data!C86 -> 96
A88: =Fig4_data!A87 -> 40634 | B88: =Fig4_data!B87 -> 22 | C88: =Fig4_data!C87 -> 96
A89: =Fig4_data!A88 -> 40725 | B89: =Fig4_data!B88 -> 27 | C89: =Fig4_data!C88 -> 86
A90: =Fig4_data!A89 -> 40817 | B90: =Fig4_data!B89 -> 28 | C90: =Fig4_data!C89 -> 84
A91: =Fig4_data!A90 -> 40909 | B91: =Fig4_data!B90 -> 8 | C91: =Fig4_data!C90 -> 55
A92: =Fig4_data!A91 -> 41000 | B92: =Fig4_data!B91 -> 4 | C92: =Fig4_data!C91 -> 49
... A130: =Fig4_data!A129 -> 44470 | B130: =Fig4_data!B129 -> 38 | C130: =Fig4_data!C129 -> 46

Sheet AE_A
A1: Year | B1: N1 | C1: MaPP16_use1 | D1: MaPP17_use1 | E1: CCB_use1 | F1: Conservation_use1 | G1: LVR_use1 | H1: LLP_use1 | I1: Capital_use1 | J1: LTV_use1 | K1: DSTI_use1 | L1: LCG_use1 | M1: LoanR_use1 | N1: LFC_use1 | O1: Tax_use1 | P1: Liquidity_use1 | Q1: LTD_use1 | R1: LFX_use1 | S1: RR_use1 | T1: SIFI_use1 | U1: OT_use1
A2: 1990 | B2: 36 | C2: 1 | D2: 7 | E2: 0 | F2: 0 | G2: 0 | H2: 0 | I2: 0 | J2: 0 | K2: 0 | L2: 0 | M2: 1 | N2: 0 | O2: 0 | P2: 0 | Q2: 0 | R2: 0 | S2: 6 | T2: 0 | U2: 0
A3: 1991 | B3: 36 | C3: 7 | D3: 12 | E3: 0 | F3: 0 | G3: 0 | H3: 0 | I3: 2 | J3: 1 | K3: 0 | L3: 0 | M3: 2 | N3: 0 | O3: 0 | P3: 3 | Q3: 0 | R3: 0 | S3: 7 | T3: 0 | U3: 0
A4: 1992 | B4: 36 | C4: 7 | D4: 13 | E4: 0 | F4: 0 | G4: 0 | H4: 0 | I4: 2 | J4: 1 | K4: 0 | L4: 0 | M4: 2 | N4: 0 | O4: 0 | P4: 3 | Q4: 0 | R4: 0 | S4: 8 | T4: 0 | U4: 0
A5: 1993 | B5: 36 | C5: 7 | D5: 15 | E5: 0 | F5: 0 | G5: 0 | H5: 0 | I5: 2 | J5: 1 | K5: 0 | L5: 0 | M5: 2 | N5: 0 | O5: 0 | P5: 3 | Q5: 0 | R5: 0 | S5: 10 | T5: 0 | U5: 0
A6: 1994 | B6: 36 | C6: 7 | D6: 15 | E6: 0 | F6: 0 | G6: 0 | H6: 0 | I6: 2 | J6: 1 | K6: 0 | L6: 0 | M6: 3 | N6: 0 | O6: 0 | P6: 3 | Q6: 0 | R6: 0 | S6: 11 | T6: 0 | U6: 0
A7: 1995 | B7: 36 | C7: 9 | D7: 17 | E7: 0 | F7: 0 | G7: 0 | H7: 0 | I7: 2 | J7: 2 | K7: 0 | L7: 0 | M7: 4 | N7: 0 | O7: 0 | P7: 3 | Q7: 0 | R7: 0 | S7: 12 | T7: 0 | U7: 0
A8: 1996 | B8: 36 | C8: 10 | D8: 18 | E8: 0 | F8: 0 | G8: 0 | H8: 0 | I8: 2 | J8: 3 | K8: 0 | L8: 0 | M8: 4 | N8: 0 | O8: 0 | P8: 4 | Q8: 0 | R8: 0 | S8: 12 | T8: 0 | U8: 0
A9: 1997 | B9: 36 | C9: 13 | D9: 21 | E9: 0 | F9: 0 | G9: 0 | H9: 0 | I9: 2 | J9: 5 | K9: 1 | L9: 0 | M9: 5 | N9: 0 | O9: 0 | P9: 5 | Q9: 0 | R9: 0 | S9: 13 | T9: 0 | U9: 0
A10: 1998 | B10: 36 | C10: 15 | D10: 23 | E10: 0 | F10: 0 | G10: 0 | H10: 0 | I10: 4 | J10: 6 | K10: 1 | L10: 0 | M10: 5 | N10: 0 | O10: 0 | P10: 5 | Q10: 0 | R10: 1 | S10: 13 | T10: 0 | U10: 0
A11: 1999 | B11: 36 | C11: 17 | D11: 30 | E11: 0 | F11: 0 | G11: 0 | H11: 0 | I11: 4 | J11: 6 | K11: 1 | L11: 1 | M11: 5 | N11: 0 | O11: 0 | P11: 6 | Q11: 0 | R11: 1 | S11: 20 | T11: 0 | U11: 0
A12: 2000 | B12: 36 | C12: 18 | D12: 30 | E12: 0 | F12: 0 | G12: 0 | H12: 1 | I12: 4 | J12: 6 | K12: 1 | L12: 1 | M12: 5 | N12: 0 | O12: 0 | P12: 6 | Q12: 0 | R12: 1 | S12: 22 | T12: 0 | U12: 2
A13: 2001 | B13: 36 | C13: 18 | D13: 30 | E13: 0 | F13: 0 | G13: 0 | H13: 1 | I13: 4 | J13: 8 | K13: 1 | L13: 1 | M13: 5 | N13: 0 | O13: 0 | P13: 6 | Q13: 0 | R13: 1 | S13: 22 | T13: 0 | U13: 2
... A33: 2021 | B33: 36 | C33: 36 | D33: 36 | E33: 17 | F33: 34 | G33: 28 | H33: 31 | I33: 34 | J33: 27 | K33: 21 | L33: 3 | M33: 24 | N33: 4 | O33: 14 | P33: 36 | Q33: 2 | R33: 1 | S33: 25 | T33: 35 | U33: 33

Sheet EMDE_A
A1: Year | B1: N0 | C1: MaPP16_use0 | D1: MaPP17_use0 | E1: CCB_use0 | F1: Conservation_use0 | G1: LVR_use0 | H1: LLP_use0 | I1: Capital_use0 | J1: LTV_use0 | K1: DSTI_use0 | L1: LCG_use0 | M1: LoanR_use0 | N1: LFC_use0 | O1: Tax_use0 | P1: Liquidity_use0 | Q1: LTD_use0 | R1: LFX_use0 | S1: RR_use0 | T1: SIFI_use0 | U1: OT_use0
A2: 1990 | B2: 98 | C2: 2 | D2: 7 | E2: 0 | F2: 0 | G2: 0 | H2: 0 | I2: 0 | J2: 1 | K2: 0 | L2: 0 | M2: 0 | N2: 0 | O2: 0 | P2: 0 | Q2: 0 | R2: 1 | S2: 5 | T2: 0 | U2: 0
A3: 1991 | B3: 98 | C3: 3 | D3: 10 | E3: 0 | F3: 0 | G3: 0 | H3: 0 | I3: 0 | J3: 1 | K3: 0 | L3: 0 | M3: 0 | N3: 0 | O3: 0 | P3: 0 | Q3: 0 | R3: 2 | S3: 7 | T3: 0 | U3: 0
A4: 1992 | B4: 98 | C4: 5 | D4: 15 | E4: 0 | F4: 0 | G4: 0 | H4: 0 | I4: 0 | J4: 1 | K4: 0 | L4: 0 | M4: 0 | N4: 0 | O4: 0 | P4: 1 | Q4: 1 | R4: 2 | S4: 10 | T4: 0 | U4: 0
A5: 1993 | B5: 98 | C5: 9 | D5: 21 | E5: 0 | F5: 0 | G5: 1 | H5: 0 | I5: 0 | J5: 1 | K5: 0 | L5: 0 | M5: 0 | N5: 1 | O5: 0 | P5: 1 | Q5: 1 | R5: 4 | S5: 12 | T5: 0 | U5: 1
A6: 1994 | B6: 98 | C6: 14 | D6: 28 | E6: 0 | F6: 0 | G6: 2 | H6: 1 | I6: 1 | J6: 1 | K6: 0 | L6: 0 | M6: 0 | N6: 1 | O6: 0 | P6: 2 | Q6: 1 | R6: 5 | S6: 15 | T6: 0 | U6: 1
A7: 1995 | B7: 98 | C7: 20 | D7: 32 | E7: 0 | F7: 0 | G7: 2 | H7: 1 | I7: 1 | J7: 2 | K7: 0 | L7: 0 | M7: 1 | N7: 2 | O7: 0 | P7: 4 | Q7: 2 | R7: 7 | S7: 16 | T7: 0 | U7: 1
A8: 1996 | B8: 98 | C8: 28 | D8: 39 | E8: 0 | F8: 0 | G8: 4 | H8: 2 | I8: 2 | J8: 2 | K8: 1 | L8: 1 | M8: 2 | N8: 3 | O8: 0 | P8: 4 | Q8: 3 | R8: 11 | S8: 17 | T8: 0 | U8: 1
A9: 1997 | B9: 98 | C9: 35 | D9: 45 | E9: 0 | F9: 0 | G9: 5 | H9: 3 | I9: 2 | J9: 3 | K9: 1 | L9: 1 | M9: 3 | N9: 4 | O9: 0 | P9: 6 | Q9: 3 | R9: 16 | S9: 17 | T9: 0 | U9: 1
A10: 1998 | B10: 98 | C10: 37 | D10: 48 | E10: 0 | F10: 0 | G10: 5 | H10: 4 | I10: 3 | J10: 3 | K10: 1 | L10: 1 | M10: 4 | N10: 4 | O10: 0 | P10: 7 | Q10: 3 | R10: 17 | S10: 21 | T10: 0 | U10: 2
A11: 1999 | B11: 98 | C11: 39 | D11: 49 | E11: 0 | F11: 0 | G11: 5 | H11: 4 | I11: 3 | J11: 3 | K11: 1 | L11: 1 | M11: 4 | N11: 5 | O11: 1 | P11: 7 | Q11: 3 | R11: 19 | S11: 22 | T11: 0 | U11: 2
A12: 2000 | B12: 98 | C12: 44 | D12: 53 | E12: 0 | F12: 0 | G12: 5 | H12: 6 | I12: 3 | J12: 5 | K12: 2 | L12: 1 | M12: 5 | N12: 6 | O12: 1 | P12: 8 | Q12: 3 | R12: 22 | S12: 22 | T12: 0 | U12: 2
A13: 2001 | B13: 98 | C13: 50 | D13: 62 | E13: 0 | F13: 0 | G13: 6 | H13: 7 | I13: 3 | J13: 6 | K13: 2 | L13: 1 | M13: 7 | N13: 6 | O13: 1 | P13: 9 | Q13: 3 | R13: 25 | S13: 29 | T13: 0 | U13: 4
... A33: 2021 | B33: 98 | C33: 97 | D33: 98 | E33: 8 | F33: 64 | G33: 53 | H33: 55 | I33: 63 | J33: 40 | K33: 34 | L33: 15 | M33: 55 | N33: 25 | O33: 10 | P33: 77 | Q33: 18 | R33: 78 | S33: 60 | T33: 53 | U33: 46

Sheet ALL_A
A1: Year | B1: N | C1: MaPP16_use | D1: MaPP17_use | E1: CCB_use | F1: Conservation_use | G1: LVR_use | H1: LLP_use | I1: Capital_use | J1: LTV_use | K1: DSTI_use | L1: LCG_use | M1: LoanR_use | N1: LFC_use | O1: Tax_use | P1: Liquidity_use | Q1: LTD_use | R1: LFX_use | S1: RR_use | T1: SIFI_use | U1: OT_use
A2: 1990 | B2: 134 | C2: 3 | D2: 14 | E2: 0 | F2: 0 | G2: 0 | H2: 0 | I2: 0 | J2: 1 | K2: 0 | L2: 0 | M2: 1 | N2: 0 | O2: 0 | P2: 0 | Q2: 0 | R2: 1 | S2: 11 | T2: 0 | U2: 0
A3: 1991 | B3: 134 | C3: 10 | D3: 22 | E3: 0 | F3: 0 | G3: 0 | H3: 0 | I3: 2 | J3: 2 | K3: 0 | L3: 0 | M3: 2 | N3: 0 | O3: 0 | P3: 3 | Q3: 0 | R3: 2 | S3: 14 | T3: 0 | U3: 0
A4: 1992 | B4: 134 | C4: 12 | D4: 28 | E4: 0 | F4: 0 | G4: 0 | H4: 0 | I4: 2 | J4: 2 | K4: 0 | L4: 0 | M4: 2 | N4: 0 | O4: 0 | P4: 4 | Q4: 1 | R4: 2 | S4: 18 | T4: 0 | U4: 0
A5: 1993 | B5: 134 | C5: 16 | D5: 36 | E5: 0 | F5: 0 | G5: 1 | H5: 0 | I5: 2 | J5: 2 | K5: 0 | L5: 0 | M5: 2 | N5: 1 | O5: 0 | P5: 4 | Q5: 1 | R5: 4 | S5: 22 | T5: 0 | U5: 1
A6: 1994 | B6: 134 | C6: 21 | D6: 43 | E6: 0 | F6: 0 | G6: 2 | H6: 1 | I6: 3 | J6: 2 | K6: 0 | L6: 0 | M6: 3 | N6: 1 | O6: 0 | P6: 5 | Q6: 1 | R6: 5 | S6: 26 | T6: 0 | U6: 1
A7: 1995 | B7: 134 | C7: 29 | D7: 49 | E7: 0 | F7: 0 | G7: 2 | H7: 1 | I7: 3 | J7: 4 | K7: 0 | L7: 0 | M7: 5 | N7: 2 | O7: 0 | P7: 7 | Q7: 2 | R7: 7 | S7: 28 | T7: 0 | U7: 1
A8: 1996 | B8: 134 | C8: 38 | D8: 57 | E8: 0 | F8: 0 | G8: 4 | H8: 2 | I8: 4 | J8: 5 | K8: 1 | L8: 1 | M8: 6 | N8: 3 | O8: 0 | P8: 8 | Q8: 3 | R8: 11 | S8: 29 | T8: 0 | U8: 1
A9: 1997 | B9: 134 | C9: 48 | D9: 66 | E9: 0 | F9: 0 | G9: 5 | H9: 3 | I9: 4 | J9: 8 | K9: 2 | L9: 1 | M9: 8 | N9: 4 | O9: 0 | P9: 11 | Q9: 3 | R9: 16 | S9: 30 | T9: 0 | U9: 1
A10: 1998 | B10: 134 | C10: 52 | D10: 71 | E10: 0 | F10: 0 | G10: 5 | H10: 4 | I10: 7 | J10: 9 | K10: 2 | L10: 1 | M10: 9 | N10: 4 | O10: 0 | P10: 12 | Q10: 3 | R10: 18 | S10: 34 | T10: 0 | U10: 2
A11: 1999 | B11: 134 | C11: 56 | D11: 79 | E11: 0 | F11: 0 | G11: 5 | H11: 4 | I11: 7 | J11: 9 | K11: 2 | L11: 2 | M11: 9 | N11: 5 | O11: 1 | P11: 13 | Q11: 3 | R11: 20 | S11: 42 | T11: 0 | U11: 2
A12: 2000 | B12: 134 | C12: 62 | D12: 83 | E12: 0 | F12: 0 | G12: 5 | H12: 7 | I12: 7 | J12: 11 | K12: 3 | L12: 2 | M12: 10 | N12: 6 | O12: 1 | P12: 14 | Q12: 3 | R12: 23 | S12: 44 | T12: 0 | U12: 4
A13: 2001 | B13: 134 | C13: 68 | D13: 92 | E13: 0 | F13: 0 | G13: 6 | H13: 8 | I13: 7 | J13: 14 | K13: 3 | L13: 2 | M13: 12 | N13: 6 | O13: 1 | P13: 15 | Q13: 3 | R13: 26 | S13: 51 | T13: 0 | U13: 6
... A33: 2021 | B33: 134 | C33: 133 | D33: 134 | E33: 25 | F33: 98 | G33: 81 | H33: 86 | I33: 97 | J33: 67 | K33: 55 | L33: 18 | M33: 79 | N33: 29 | O33: 24 | P33: 113 | Q33: 20 | R33: 79 | S33: 85 | T33: 88 | U33: 79

Sheet Act_AEEM
A1: AE | B1: N | C1: CCB_act | D1: Conservation_act | E1: LVR_act | F1: LLP_act | G1: Capital_act | H1: LTV_act | I1: DSTI_act | J1: LCG_act | K1: LoanR_act | L1: LFC_act | M1: Tax_act | N1: Liquidity_act | O1: LTD_act | P1: LFX_act | Q1: RR_act | R1: SIFI_act | S1: OT_act | T1: SUM_17_act
A2: 0 | B2: 98 | C2: 0.009548611 | D2: 0.18189965 | E2: 0.052721087 | F2: 0.083333336 | G2: 0.14776632 | H2: 0.091065295 | I2: 0.04467354 | J2: 0.012280703 | K2: 0.10614035 | L2: 0.018041238 | M2: 0.0234375 | N2: 0.27721089 | O2: 0.021477664 | P2: 0.079896912 | Q2: 0.21768707 | R2: 0.10223368 | S2: 0.079861112 | T2: 1.085034
A3: 1 | B3: 36 | C3: 0.13657409 | D3: 0.2962963 | E3: 0.10185186 | F3: 0.19907406 | G3: 0.25 | H3: 0.2199074 | I3: 0.16203704 | J3: 0.0069444445 | K3: 0.1388889 | L3: 0.013888889 | M3: 0.085648149 | N3: 0.45601854 | O3: 0.018518519 | P3: 0.011574075 | Q3: 0.046296299 | R3: 0.3287037 | S3: 0.33333334 | T3: 1.7152779

Sheet Act_ALL
A1: N | B1: CCB_act | C1: Conservation_act | D1: LVR_act | E1: LLP_act | F1: Capital_act | G1: LTV_act | H1: DSTI_act | I1: LCG_act | J1: LoanR_act | K1: LFC_act | L1: Tax_act | M1: Liquidity_act | N1: LTD_act | O1: LFX_act | P1: RR_act | Q1: SIFI_act | R1: OT_act | S1: SUM_17_act
A2: 134 | B2: 0.044191919 | C2: 0.2138243 | D2: 0.065920398 | E2: 0.11466165 | F2: 0.1754386 | G2: 0.12593985 | H2: 0.076441102 | I2: 0.01081425 | J2: 0.11513995 | K2: 0.016917292 | L2: 0.040404044 | M2: 0.32524875 | N2: 0.020676693 | O2: 0.061403509 | P2: 0.1716418 | Q2: 0.16353384 | R2: 0.1489899 | S2: 1.2543532

Sheet Fig4_data
A1: dateq | B1: allsum_AE | C1: allsum_EM
A2: 32874 | B2: 0 | C2: 0
A3: 32964 | B3: 0 | C3: 0
A4: 33055 | B4: 0 | C4: 0
A5: 33147 | B5: 0 | C5: 12
A6: 33239 | B6: -3 | C6: 8
A7: 33329 | B7: -2 | C7: 8
A8: 33420 | B8: -2 | C8: 8
A9: 33512 | B9: -3 | C9: 4
A10: 33604 | B10: -4 | C10: 9
A11: 33695 | B11: -8 | C11: 9
A12: 33786 | B12: -8 | C12: 10
A13: 33878 | B13: -6 | C13: 10
... A129: 44470 | B129: 38 | C129: 46
